Driver,Position,Rater
Foch,10,Kylo
Foch,5,Dimitris amaxo
Foch,5,Sbinoir
Foch,1,Kylos lover
Foch,6,Geert
Foch,14,Rib
Foch,8,Mister
Foch,15,Size "Big Daddy" Manski
Foch,8,Censored
Foch,18,Buras
Foch,5,maw
Foch,15,Arken
Foch,13,annaGASM
Foch,12,Ryan cooper 
Foch,6,Kusza
Foch,11,Harley
Foch,14,Frotch
Foch,7,Flick
Foch,12,TheRealAntonio
Foch,9,oneko
Foch,12,Axel Rodgers
BGS,3,Kylo
BGS,2,Dimitris amaxo
BGS,1,Sbinoir
BGS,2,Kylos lover
BGS,3,Geert
BGS,8,Rib
BGS,3,Mister
BGS,5,Size "Big Daddy" Manski
BGS,2,Censored
BGS,10,Buras
BGS,3,maw
BGS,6,Arken
BGS,6,annaGASM
BGS,4,Ryan cooper 
BGS,8,Kusza
BGS,4,Harley
BGS,3,Frotch
BGS,5,Flick
BGS,10,TheRealAntonio
BGS,5,oneko
BGS,5,Axel Rodgers
Schubert,5,Kylo
Schubert,6,Dimitris amaxo
Schubert,3,Sbinoir
Schubert,3,Kylos lover
Schubert,4,Geert
Schubert,9,Rib
Schubert,10,Mister
Schubert,15,Size "Big Daddy" Manski
Schubert,5,Censored
Schubert,20,Buras
Schubert,6,maw
Schubert,12,Arken
Schubert,15,annaGASM
Schubert,9,Ryan cooper 
Schubert,10,Kusza
Schubert,16,Harley
Schubert,10,Frotch
Schubert,10,Flick
Schubert,18,TheRealAntonio
Schubert,11,oneko
Schubert,10,Axel Rodgers
Jardier,4,Kylo
Jardier,3,Dimitris amaxo
Jardier,2,Sbinoir
Jardier,4,Kylos lover
Jardier,2,Geert
Jardier,6,Rib
Jardier,2,Mister
Jardier,3,Size "Big Daddy" Manski
Jardier,1,Censored
Jardier,5,Buras
Jardier,4,maw
Jardier,4,Arken
Jardier,4,annaGASM
Jardier,16,Ryan cooper 
Jardier,3,Kusza
Jardier,3,Harley
Jardier,2,Frotch
Jardier,3,Flick
Jardier,7,TheRealAntonio
Jardier,4,oneko
Jardier,3,Axel Rodgers
Geert Fischer,20,Kylo
Geert Fischer,12,Dimitris amaxo
Geert Fischer,7,Sbinoir
Geert Fischer,6,Kylos lover
Geert Fischer,1,Geert
Geert Fischer,29,Rib
Geert Fischer,24,Mister
Geert Fischer,25,Size "Big Daddy" Manski
Geert Fischer,25,Censored
Geert Fischer,16,Buras
Geert Fischer,10,maw
Geert Fischer,17,Arken
Geert Fischer,23,annaGASM
Geert Fischer,35,Ryan cooper 
Geert Fischer,12,Kusza
Geert Fischer,17,Harley
Geert Fischer,17,Frotch
Geert Fischer,16,Flick
Geert Fischer,5,TheRealAntonio
Geert Fischer,12,oneko
Geert Fischer,20,Axel Rodgers
Harry Phillips,18,Kylo
Harry Phillips,11,Dimitris amaxo
Harry Phillips,6,Sbinoir
Harry Phillips,3,Kylos lover
Harry Phillips,7,Geert
Harry Phillips,25,Rib
Harry Phillips,17,Mister
Harry Phillips,15,Size "Big Daddy" Manski
Harry Phillips,28,Censored
Harry Phillips,12,Buras
Harry Phillips,15,maw
Harry Phillips,20,Arken
Harry Phillips,16,annaGASM
Harry Phillips,18,Ryan cooper 
Harry Phillips,11,Kusza
Harry Phillips,18,Harley
Harry Phillips,11,Frotch
Harry Phillips,11,Flick
Harry Phillips,27,TheRealAntonio
Harry Phillips,8,oneko
Harry Phillips,18,Axel Rodgers
One Ko,15,Kylo
One Ko,15,Dimitris amaxo
One Ko,8,Sbinoir
One Ko,5,Kylos lover
One Ko,8,Geert
One Ko,13,Rib
One Ko,9,Mister
One Ko,15,Size "Big Daddy" Manski
One Ko,10,Censored
One Ko,25,Buras
One Ko,11,maw
One Ko,19,Arken
One Ko,19,annaGASM
One Ko,27,Ryan cooper 
One Ko,8,Kusza
One Ko,14,Harley
One Ko,15,Frotch
One Ko,12,Flick
One Ko,20,TheRealAntonio
One Ko,10,oneko
One Ko,15,Axel Rodgers
Flicker,22,Kylo
Flicker,7,Dimitris amaxo
Flicker,10,Sbinoir
Flicker,3,Kylos lover
Flicker,2,Geert
Flicker,12,Rib
Flicker,9,Mister
Flicker,5,Size "Big Daddy" Manski
Flicker,15,Censored
Flicker,4,Buras
Flicker,5,maw
Flicker,13,Arken
Flicker,15,annaGASM
Flicker,5,Ryan cooper 
Flicker,3,Kusza
Flicker,8,Harley
Flicker,17,Frotch
Flicker,15,Flick
Flicker,10,TheRealAntonio
Flicker,4,oneko
Flicker,8,Axel Rodgers
Riba,3,Kylo
Riba,5,Dimitris amaxo
Riba,8,Sbinoir
Riba,4,Kylos lover
Riba,1,Geert
Riba,21,Rib
Riba,5,Mister
Riba,5,Size "Big Daddy" Manski
Riba,8,Censored
Riba,10,Buras
Riba,1,maw
Riba,8,Arken
Riba,12,annaGASM
Riba,15,Ryan cooper 
Riba,1,Kusza
Riba,2,Harley
Riba,19,Frotch
Riba,17,Flick
Riba,29,TheRealAntonio
Riba,7,oneko
Riba,2,Axel Rodgers
Kylo,5,Kylo
Kylo,3,Dimitris amaxo
Kylo,10,Sbinoir
Kylo,1,Kylos lover
Kylo,20,Geert
Kylo,9,Rib
Kylo,3,Mister
Kylo,5,Size "Big Daddy" Manski
Kylo,7,Censored
Kylo,4,Buras
Kylo,3,maw
Kylo,11,Arken
Kylo,5,annaGASM
Kylo,25,Ryan cooper 
Kylo,6,Kusza
Kylo,5,Harley
Kylo,9,Frotch
Kylo,5,Flick
Kylo,7,TheRealAntonio
Kylo,1,oneko
Kylo,40,Axel Rodgers
Arkensyel,6,Kylo
Arkensyel,8,Dimitris amaxo
Arkensyel,15,Sbinoir
Arkensyel,2,Kylos lover
Arkensyel,3,Geert
Arkensyel,19,Rib
Arkensyel,12,Mister
Arkensyel,5,Size "Big Daddy" Manski
Arkensyel,15,Censored
Arkensyel,10,Buras
Arkensyel,6,maw
Arkensyel,14,Arken
Arkensyel,15,annaGASM
Arkensyel,10,Ryan cooper 
Arkensyel,12,Kusza
Arkensyel,9,Harley
Arkensyel,13,Frotch
Arkensyel,8,Flick
Arkensyel,12,TheRealAntonio
Arkensyel,6,oneko
Arkensyel,10,Axel Rodgers
Harley,7,Kylo
Harley,15,Dimitris amaxo
Harley,7,Sbinoir
Harley,4,Kylos lover
Harley,2,Geert
Harley,14,Rib
Harley,17,Mister
Harley,10,Size "Big Daddy" Manski
Harley,19,Censored
Harley,11,Buras
Harley,1,maw
Harley,17,Arken
Harley,7,annaGASM
Harley,6,Ryan cooper 
Harley,4,Kusza
Harley,2,Harley
Harley,4,Frotch
Harley,9,Flick
Harley,18,TheRealAntonio
Harley,2,oneko
Harley,15,Axel Rodgers
Ryan,8,Kylo
Ryan,5,Dimitris amaxo
Ryan,8,Sbinoir
Ryan,5,Kylos lover
Ryan,1,Geert
Ryan,18,Rib
Ryan,7,Mister
Ryan,5,Size "Big Daddy" Manski
Ryan,5,Censored
Ryan,6,Buras
Ryan,4,maw
Ryan,12,Arken
Ryan,10,annaGASM
Ryan,16,Ryan cooper 
Ryan,2,Kusza
Ryan,11,Harley
Ryan,10,Frotch
Ryan,6,Flick
Ryan,4,TheRealAntonio
Ryan,3,oneko
Ryan,39,Axel Rodgers
Geg,1,Kylo
Geg,5,Dimitris amaxo
Geg,15,Sbinoir
Geg,1,Kylos lover
Geg,1,Geert
Geg,7,Rib
Geg,7,Mister
Geg,5,Size "Big Daddy" Manski
Geg,8,Censored
Geg,3,Buras
Geg,1,maw
Geg,14,Arken
Geg,10,annaGASM
Geg,1,Ryan cooper 
Geg,1,Kusza
Geg,1,Harley
Geg,7,Frotch
Geg,4,Flick
Geg,17,TheRealAntonio
Geg,4,oneko
Geg,20,Axel Rodgers
Buras,3,Kylo
Buras,3,Dimitris amaxo
Buras,10,Sbinoir
Buras,2,Kylos lover
Buras,2,Geert
Buras,18,Rib
Buras,16,Mister
Buras,5,Size "Big Daddy" Manski
Buras,6,Censored
Buras,6,Buras
Buras,3,maw
Buras,21,Arken
Buras,25,annaGASM
Buras,8,Ryan cooper 
Buras,2,Kusza
Buras,3,Harley
Buras,14,Frotch
Buras,8,Flick
Buras,4,TheRealAntonio
Buras,3,oneko
Buras,5,Axel Rodgers
Dimitri Slow,10,Kylo
Dimitri Slow,10,Dimitris amaxo
Dimitri Slow,20,Sbinoir
Dimitri Slow,5,Kylos lover
Dimitri Slow,7,Geert
Dimitri Slow,16,Rib
Dimitri Slow,4,Mister
Dimitri Slow,5,Size "Big Daddy" Manski
Dimitri Slow,10,Censored
Dimitri Slow,1,Buras
Dimitri Slow,10,maw
Dimitri Slow,18,Arken
Dimitri Slow,16,annaGASM
Dimitri Slow,9,Ryan cooper 
Dimitri Slow,1,Kusza
Dimitri Slow,5,Harley
Dimitri Slow,6,Frotch
Dimitri Slow,7,Flick
Dimitri Slow,2,TheRealAntonio
Dimitri Slow,15,oneko
Dimitri Slow,12,Axel Rodgers